Company Name,Ticker,Exchange,GICS Sector,GICS Industry Group,GICS Industry,GICS Sub-Industry
Ambev SA,ABEV3,B3 S.A.,Consumer Staples,"Food, Beverage & Tobacco",Beverages,Brewers
B3 SA - Brasil Bolsa Balcao,B3SA3,B3 S.A.,Financials,Financial Services,Capital Markets,Financial Exchanges & Data
Banco do Brasil SA BB Brasil,BBAS3,B3 S.A.,Financials,Banks,Banks,Diversified Banks
Bank Bradesco SA,BBDC3,B3 S.A.,Financials,Insurance,Insurance,Multi-line Insurance
BB Seguridade Participacoes SA,BBSE3,B3 S.A.,Financials,Banks,Banks,Diversified Banks
Banco BTG Pactual S.A.,BPAC11,B3 S.A.,Financials,Financial Services,Capital Markets,Diversified Capital Markets
BRF SA,BRFS3,B3 S.A.,Consumer Staples,"Food, Beverage & Tobacco",Food Products,Packaged Foods & Meats
CCR SA,CCRO3,B3 S.A.,Industrials,Transportation,Transportation Infrastructure,Highways & Railtracks
CPFL Energia S.A.,CPFE3,B3 S.A.,Utilities,Utilities,Electric Utilities,Electric Utilities
Atacadao SA,CRFB3,B3 S.A.,Consumer Staples,Consumer Staples Distribution & Retail,Consumer Staples Distribution & Retail,Consumer Staples Merchandise Retail
Cosan SA,CSAN3,B3 S.A.,Energy,Energy,"Oil, Gas & Consumable Fuels",Oil & Gas Refining & Marketing
Companhia Siderurgica Nacional,CSNA3,B3 S.A.,Materials,Materials,Metals & Mining,Steel
ENGIE Brasil Energia SA,EGIE3,B3 S.A.,Utilities,Utilities,Independent Power and Renewable Electricity Producers,Renewable Electricity 
Embraer SA,EMBR3,B3 S.A.,Industrials,Capital Goods,Aerospace & Defense,Aerospace & Defense
Equatorial Energia SA,EQTL3,B3 S.A.,Utilities,Utilities,Electric Utilities,Electric Utilities
Hypera SA,HYPE3,B3 S.A.,Health Care,"Pharmaceuticals, Biotechnology & Life Sciences",Pharmaceuticals,Pharmaceuticals
IRB Brasil Resseguros SA,IRBR3,B3 S.A.,Financials,Insurance,Insurance,Reinsurance
JBS SA,JBSS3,B3 S.A.,Consumer Staples,"Food, Beverage & Tobacco",Food Products,Packaged Foods & Meats
Klabin SA,KLBN11,B3 S.A.,Materials,Materials,Containers & Packaging,Paper & Plastic Packaging Products & Materials
Lojas Renner SA,LREN3,B3 S.A.,Consumer Discretionary,Consumer Discretionary Distribution & Retail,Specialty Retail,Apparel Retail
M Dias Branco SA Industria e Comercio de Alimentos,MDIA3,B3 S.A.,Consumer Staples,"Food, Beverage & Tobacco",Food Products,Packaged Foods & Meats
Magazine Luiza SA,MGLU3,B3 S.A.,Consumer Discretionary,Consumer Discretionary Distribution & Retail,Distributors,Broadline Retail
Multiplan Empreendimentos Imobiliarios SA,MULT3,B3 S.A.,Real Estate,Real Estate Management & Development,Real Estate Management & Development,Real Estate Operating Companies
Natura & Co Holding SA,NTCO3,B3 S.A.,Consumer Staples,Household & Personal Products,Personal Care Products,Personal Care Products
Petroleo Brasileiro SA Petrobras,PETR3,B3 S.A.,Energy,Energy,"Oil, Gas & Consumable Fuels",Integrated Oil & Gas
Porto Seguro SA,PSSA3,B3 S.A.,Financials,Insurance,Insurance,Multi-line Insurance
Raia Drogasil SA,RADL3,B3 S.A.,Consumer Staples,Consumer Staples Distribution & Retail,Consumer Staples Distribution & Retail,Drug Retail
Rumo SA,RAIL3,B3 S.A.,Industrials,Transportation,Ground Transportation,Rail Transportation
Localiza Rent A Car SA,RENT3,B3 S.A.,Industrials,Transportation,Ground Transportation,Passenger Ground Transportation
Banco Santander (Brasil) SA,SANB11,B3 S.A.,Financials,Banks,Banks,Diversified Banks
Companhia De Saneamento Basico Do Estado De Sao Paulo,SBSP3,B3 S.A.,Utilities,Utilities,Water Utilities,Water Utilities
Suzano SA,SUZB3,B3 S.A.,Materials,Materials,Paper & Forest Products,Paper Products
Ultrapar Participacoes SA,UGPA3,B3 S.A.,Energy,Energy,"Oil, Gas & Consumable Fuels",Oil & Gas Storage & Transportation
Vale SA,VALE3,B3 S.A.,Materials,Materials,Metals & Mining,Steel
Weg SA,WEGE3,B3 S.A.,Industrials,Capital Goods,Electrical Equipment,Electrical Components & Equipment
"Grupo Bimbo, S.A.B de C.V.",BIMBOA,BMV,Consumer Staples,"Food, Beverage & Tobacco",Food Products,Packaged Foods & Meats
Grupo Aeroportuario del Pacifico SAB de CV Class B,GAPB,BMV,Industrials,Transportation,Transportation Infrastructure,Airport Services
Power Finance Corporation,532810,BSE LTD,Financials,Financial Services, Financial Services,Specialized Finance
Delta Corp Ltd.,532848,BSE LTD,Consumer Discretionary,Consumer Services,"Hotels, Restaurants & Leisure",Casinos & Gaming
Bata India Ltd,500043,BSE LTD,Consumer Discretionary,Consumer Durables & Apparel,"Textiles, Apparel & Luxury Goods",Footwear
Cipla Ltd,500087,BSE LTD,Health Care,"Pharmaceuticals, Biotechnology & Life Sciences",Pharmaceuticals,Pharmaceuticals
Bharat Heavy Electricals Ltd,500103,BSE LTD,Industrials,Capital Goods,Electrical Equipment,Heavy Electrical Equipment
State Bank of India,500112,BSE LTD,Financials,Banks,Banks,Diversified Banks
Titan Co Ltd,500114,BSE LTD,Consumer Discretionary,Consumer Durables & Apparel,"Textiles, Apparel & Luxury Goods","Apparel, Accessories & Luxury Goods"
Dr Reddy's Laboratories Ltd,500124,BSE LTD,Health Care,"Pharmaceuticals, Biotechnology & Life Sciences",Pharmaceuticals,Pharmaceuticals
HDFC Bank Ltd,500180,BSE LTD,Financials,Banks,Banks,Diversified Banks
Hero MotoCorp Ltd,500182,BSE LTD,Consumer Discretionary,Automobiles & Components,Automobiles,Motorcycle Manufacturers
Infosys Ltd,500209,BSE LTD,Information Technology,Software & Services,IT Services,IT Consulting & Other Services
Kotak Mahindra Bank Ltd,500247,BSE LTD,Financials,Banks,Banks,Diversified Banks
Max Financial Services Ltd,500271,BSE LTD,Financials,Insurance,Insurance,Life & Health Insurance
Vedanta Ltd,500295,BSE LTD,Materials,Materials,Metals & Mining,Diversified Metals & Mining
Piramal Enterprises Ltd,500302,BSE LTD,Financials,Financial Services, Financial Services,Specialized Finance
NIIT Ltd,500304,BSE LTD,Consumer Discretionary,Consumer Services,Diversified Consumer Services,Education Services
Oil & Natural Gas Corp Ltd,500312,BSE LTD,Energy,Energy,"Oil, Gas & Consumable Fuels",Integrated Oil & Gas
Reliance Industries Ltd,500325,BSE LTD,Energy,Energy,"Oil, Gas & Consumable Fuels",Oil & Gas Refining & Marketing
Tata Power Co Ltd,500400,BSE LTD,Utilities,Utilities,Electric Utilities,Electric Utilities
Hindalco Industries Ltd,500440,BSE LTD,Materials,Materials,Metals & Mining,Aluminum
Tata Steel Ltd,500470,BSE LTD,Materials,Materials,Metals & Mining,Steel
Larsen & Toubro Ltd,500510,BSE LTD,Industrials,Capital Goods,Construction & Engineering,Construction & Engineering
Mahindra & Mahindra Ltd,500520,BSE LTD,Consumer Discretionary,Automobiles & Components,Automobiles,Automobile Manufacturers
Bosch Ltd,500530,BSE LTD,Consumer Discretionary,Automobiles & Components,Automobile Components,Automotive Parts & Equipment
Tata Motors Ltd,500570,BSE LTD,Consumer Discretionary,Automobiles & Components,Automobiles,Automobile Manufacturers
Hindustan Unilever Ltd,500696,BSE LTD,Consumer Staples,Household & Personal Products,Personal Care Products,Personal Care Products
Nestle India Ltd,500790,BSE LTD,Consumer Staples,"Food, Beverage & Tobacco",Food Products,Packaged Foods & Meats
Asian Paints Ltd,500820,BSE LTD,Materials,Materials,Chemicals,Specialty Chemicals
ITC Ltd,500875,BSE LTD,Consumer Staples,"Food, Beverage & Tobacco",Tobacco,Tobacco
Wipro Ltd,507685,BSE LTD,Information Technology,Software & Services,IT Services,IT Consulting & Other Services
Berger Paints India Ltd,509480,BSE LTD,Materials,Materials,Chemicals,Commodity Chemicals
Gujarat Industries Power Co Ltd,517300,BSE LTD,Utilities,Utilities,Independent Power and Renewable Electricity Producers,Independent Power Producers & Energy Traders
Sun Pharmaceuticals Industries Ltd,524715,BSE LTD,Health Care,"Pharmaceuticals, Biotechnology & Life Sciences",Pharmaceuticals,Pharmaceuticals
GAIL (India) Ltd,532155,BSE LTD,Utilities,Utilities,Gas Utilities,Gas Utilities
ICICI Bank Ltd,532174,BSE LTD,Financials,Banks,Banks,Diversified Banks
Axis Bank Ltd,532215,BSE LTD,Financials,Banks,Banks,Diversified Banks
HCL Technologies Ltd,532281,BSE LTD,Information Technology,Software & Services,IT Services,IT Consulting & Other Services
Godrej Consumer Products Ltd,532424,BSE LTD,Consumer Staples,Household & Personal Products,Personal Care Products,Personal Care Products
Bharti Airtel Ltd,532454,BSE LTD,Communication Services,Telecommunication Services,Wireless Telecommunication Services,Wireless Telecommunication Services
Granules India Ltd,532482,BSE LTD,Health Care,"Pharmaceuticals, Biotechnology & Life Sciences",Pharmaceuticals,Pharmaceuticals
Astra Microwave Products Ltd,532493,BSE LTD,Information Technology,Technology Hardware & Equipment,Communications Equipment,Communications Equipment
Maruti Suzuki India Ltd,532500,BSE LTD,Consumer Discretionary,Automobiles & Components,Automobiles,Automobile Manufacturers
UltraTech Cement Ltd,532538,BSE LTD,Materials,Materials,Construction Materials,Construction Materials
Tata Consultancy Services Ltd,532540,BSE LTD,Information Technology,Software & Services,IT Services,IT Consulting & Other Services
NTPC Ltd,532555,BSE LTD,Utilities,Utilities,Independent Power and Renewable Electricity Producers,Independent Power Producers & Energy Traders
Yes Bank Ltd,532648,BSE LTD,Financials,Banks,Banks,Diversified Banks
Tech Mahindra Ltd,532755,BSE LTD,Information Technology,Software & Services,IT Services,IT Consulting & Other Services
Power Grid Corp Of India Ltd,532898,BSE LTD,Utilities,Utilities,Electric Utilities,Electric Utilities
eClerx Services Ltd,532927,BSE LTD,Industrials,Commercial  & Professional Services,Professional Services,Data Processing & Outsourced Services
REC Ltd,532955,BSE LTD,Financials,Financial Services, Financial Services,Specialized Finance
Bajaj Auto Ltd,532977,BSE LTD,Consumer Discretionary,Automobiles & Components,Automobiles,Motorcycle Manufacturers
Bajaj Finserv Ltd,532978,BSE LTD,Financials,Financial Services, Financial Services,Diversified Financial Services
Jubilant Foodworks Ltd,533155,BSE LTD,Consumer Discretionary,Consumer Services,"Hotels, Restaurants & Leisure",Restaurants
SJVN Ltd,533206,BSE LTD,Utilities,Utilities,Electric Utilities,Electric Utilities
Coal India Ltd,533278,BSE LTD,Energy,Energy,"Oil, Gas & Consumable Fuels",Coal & Consumable Fuels
Just Dial Ltd,535648,BSE LTD,Communication Services,Media & Entertainment,Interactive Media & Services,Interactive Media & Services
LTIMindtree,540005,BSE LTD,Information Technology,Software & Services,IT Services,IT Consulting & Other Services
Godrej Agrovet Ltd,540743,BSE LTD,Consumer Staples,"Food, Beverage & Tobacco",Food Products,Agricultural Products & Services
ASML Holding NV,ASML,Euronext,Information Technology,Semiconductors & Semiconductor Equipment,Semiconductors & Semiconductor Equipment,Semiconductor Materials & Equipment
Danone,BN,Euronext,Consumer Staples,"Food, Beverage & Tobacco",Food Products,Packaged Foods & Meats
LVMH,MC,Euronext,Consumer Discretionary,Consumer Durables & Apparel,"Textiles, Apparel & Luxury Goods","Apparel, Accessories & Luxury Goods"
L'Oreal,OR,Euronext,Consumer Staples,Household & Personal Products,Personal Care Products,Personal Care Products
UCB,UCB,Euronext,Health Care,"Pharmaceuticals, Biotechnology & Life Sciences",Pharmaceuticals,Pharmaceuticals
Instone Real Estate Group O.N.,INS,Frankfurt Stock Exchange,Real Estate,Real Estate Management & Development,Real Estate Management & Development,Real Estate Development
Volkswagen,VOW,Frankfurt Stock Exchange,Consumer Discretionary,Automobiles & Components,Automobiles,Automobile Manufacturers
Vingroup JSC,VIC,Ho Chi Minh Stock Exchange,Real Estate,Real Estate Management & Development,Real Estate Management & Development,Diversified Real Estate Activities
CITIC Ltd,00267,Hong Kong Exchanges And Clearing Ltd,Industrials,Capital Goods,Industrial Conglomerates,Industrial Conglomerates
China Mobile Ltd,00941,Hong Kong Exchanges And Clearing Ltd,Communication Services,Telecommunication Services,Wireless Telecommunication Services,Wireless Telecommunication Services
Aluminum Corporation of China Ltd,2600,Hong Kong Exchanges And Clearing Ltd,Materials,Materials,Metals & Mining,Aluminum
Tencent Holdings Ltd,00700,Hong Kong Exchanges And Clearing Ltd,Communication Services,Media & Entertainment,Interactive Media & Services,Interactive Media & Services
Meituan,03690,Hong Kong Exchanges And Clearing Ltd,Consumer Discretionary,Consumer Discretionary Distribution & Retail,Distributors,Broadline Retail
China Construction Bank Corp,00939,Hong Kong Exchanges And Clearing Ltd,Financials,Banks,Banks,Diversified Banks
Ping An Insurance (Group) Co. of China Ltd,02318,Hong Kong Exchanges And Clearing Ltd,Financials,Insurance,Insurance,Life & Health Insurance
China State Construction International Holdings Ltd,03311,Hong Kong Exchanges And Clearing Ltd,Industrials,Capital Goods,Construction & Engineering,Construction & Engineering
Anhui Conch Cement Co Ltd,00914,Hong Kong Exchanges And Clearing Ltd,Materials,Materials,Construction Materials,Construction Materials
Huaneng Power International Inc,0902,Hong Kong Exchanges And Clearing Ltd,Utilities,Utilities,Independent Power and Renewable Electricity Producers,Independent Power Producers & Energy Traders
HD Korea Shipbuilding & Offshore Engineering Company,009540,Korea Exchange,Industrials,Capital Goods,Machinery,Construction Machinery & Heavy Transportation Equipment
Samsung Electronics Co Ltd,005930,Korea Exchange,Information Technology,Technology Hardware & Equipment,"Technology Hardware, Storage & Peripherals","Technology Hardware, Storage & Peripherals"
"POSCO Future M Co., Ltd",003670,Korea Exchange,Materials,Materials,Metals & Mining,Steel
LG Chem Ltd.,51910,Korea Exchange,Materials,Materials,Chemicals,Commodity Chemicals
Alphawave IP Group,AWE,London Stock Exchange,Information Technology,Semiconductors & Semiconductor Equipment,Semiconductors & Semiconductor Equipment,Semiconductors
Bunzl PLC,BNZL,London Stock Exchange,Industrials,Capital Goods,Trading Companies & Distributors,Trading Companies & Distributors
BT Group PLC,BT.A,London Stock Exchange,Communication Services,Telecommunication Services,Diversified Telecommunication Services,Integrated Telecommunication Services
City of London Investment Group PLC,CLIG,London Stock Exchange,Financials,Financial Services,Capital Markets,Asset Management & Custody Banks
Compass Group PLC,CPG,London Stock Exchange,Consumer Discretionary,Consumer Services,"Hotels, Restaurants & Leisure",Restaurants
Dominos Pizza Inc,DOM,London Stock Exchange,Consumer Discretionary,Consumer Services,"Hotels, Restaurants & Leisure",Restaurants
discoverIE Group PLC,DSCV,London Stock Exchange,Industrials,Capital Goods,Electrical Equipment,Electrical Components & Equipment
easyJet PLC,EZJ,London Stock Exchange,Industrials,Transportation,Passenger Airlines,Passenger Airlines
Glencore PLC,GLEN,London Stock Exchange,Materials,Materials,Metals & Mining,Diversified Metals & Mining
HSBC Holdings PLC,HSBA,London Stock Exchange,Financials,Banks,Banks,Diversified Banks
Hostelworld Group PLC,HSW,London Stock Exchange,Consumer Discretionary,Consumer Services,"Hotels, Restaurants & Leisure","Hotels, Resorts & Cruise Lines"
InterContinental Hotels Group PLC,IHG,London Stock Exchange,Consumer Discretionary,Consumer Services,"Hotels, Restaurants & Leisure","Hotels, Resorts & Cruise Lines"
Johnson Matthey PLC,JMAT,London Stock Exchange,Materials,Materials,Chemicals,Specialty Chemicals
Lloyds Banking Group PLC,LLOY,London Stock Exchange,Financials,Banks,Banks,Diversified Banks
Mondi PLC,MNDI,London Stock Exchange,Materials,Materials,Paper & Forest Products,Paper Products
NatWest Group PLC,NWG,London Stock Exchange,Financials,Banks,Banks,Diversified Banks
Next PLC,NXT,London Stock Exchange,Consumer Discretionary,Consumer Discretionary Distribution & Retail,Distributors,Broadline Retail
On The Beach Group PLC,OTB,London Stock Exchange,Consumer Discretionary,Consumer Services,"Hotels, Restaurants & Leisure","Hotels, Resorts & Cruise Lines"
Pearson PLC,PSON,London Stock Exchange,Consumer Discretionary,Consumer Services,Diversified Consumer Services,Education Services
Reckitt Benckiser Group PLC,RKT,London Stock Exchange,Consumer Staples,Household & Personal Products,Household Products,Household Products
Rightmove Plc,RMV,London Stock Exchange,Communication Services,Media & Entertainment,Interactive Media & Services,Interactive Media & Services
Rolls-Royce Holdings PLC,RR,London Stock Exchange,Industrials,Capital Goods,Aerospace & Defense,Aerospace & Defense
Sainsbury (J) PLC,SBRY,London Stock Exchange,Consumer Staples,Consumer Staples Distribution & Retail,Consumer Staples Distribution & Retail,Food Retail
Schroders PLC,SDR,London Stock Exchange,Financials,Financial Services,Capital Markets,Asset Management & Custody Banks
Sage Group (The) PLC,SGE,London Stock Exchange,Information Technology,Software & Services,Software,Application Software
Smiths Group PLC,SMIN,London Stock Exchange,Industrials,Capital Goods,Industrial Conglomerates,Industrial Conglomerates
SSE PLC,SSE,London Stock Exchange,Utilities,Utilities,Electric Utilities,Electric Utilities
Standard Chartered PLC,STAN,London Stock Exchange,Financials,Banks,Banks,Diversified Banks
Severn Trent PLC,SVT,London Stock Exchange,Utilities,Utilities,Water Utilities,Water Utilities
Tullow Oil PLC,TLW,London Stock Exchange,Energy,Energy,"Oil, Gas & Consumable Fuels",Oil & Gas Exploration & Production
Unilever PLC,ULVR,London Stock Exchange,Consumer Staples,Household & Personal Products,Personal Care Products,Personal Care Products
United Utilities Group PLC,UU,London Stock Exchange,Utilities,Utilities,Water Utilities,Water Utilities
Vodafone Group PLC,VOD,London Stock Exchange,Communication Services,Telecommunication Services,Wireless Telecommunication Services,Wireless Telecommunication Services
Whitbread PLC,WTB,London Stock Exchange,Consumer Discretionary,Consumer Services,"Hotels, Restaurants & Leisure","Hotels, Resorts & Cruise Lines"
Wynnstay Group PLC,WYN,London Stock Exchange,Consumer Staples,"Food, Beverage & Tobacco",Food Products,Agricultural Products & Services
Royal Dutch Shell PLC,SHEL,London Stock Exchange,Energy,Energy,"Oil, Gas & Consumable Fuels",Integrated Oil & Gas
AstraZeneca PLC,AZN,London Stock Exchange,Health Care,"Pharmaceuticals, Biotechnology & Life Sciences",Pharmaceuticals,Pharmaceuticals
Smith & Nephew PLC,SN,London Stock Exchange,Health Care,Health Care Equipment & Services,Health Care Equipment & Supplies,Health Care Equipment
Experian PLC,EXPN,London Stock Exchange,Industrials,Commercial  & Professional Services,Professional Services,Research & Consulting Services
BHP Group PLC,BHP,London Stock Exchange,Materials,Materials,Metals & Mining,Diversified Metals & Mining
Carclo PLC,CAR,London Stock Exchange,Materials,Materials,Chemicals,Specialty Chemicals
Rio Tinto PLC,RIO,London Stock Exchange,Materials,Materials,Metals & Mining,Diversified Metals & Mining
American Airlines Group Inc,AAL,Nasdaq,Industrials,Transportation,Passenger Airlines,Passenger Airlines
Apple Inc,AAPL,Nasdaq,Information Technology,Technology Hardware & Equipment,"Technology Hardware, Storage & Peripherals","Technology Hardware, Storage & Peripherals"
Acadia Healthcare Co Inc,ACHC,Nasdaq,Health Care,Health Care Equipment & Services,Health Care Providers & Services,Health Care Facilities
Adobe Inc,ADBE,Nasdaq,Information Technology,Software & Services,Software,Application Software
Aehr Test Systems,AEHR,Nasdaq,Information Technology,Semiconductors & Semiconductor Equipment,Semiconductors & Semiconductor Equipment,Semiconductor Materials & Equipment
American Electric Power Co Inc,AEP,Nasdaq,Utilities,Utilities,Electric Utilities,Electric Utilities
Advanced Micro Devices,AMD,Nasdaq,Information Technology,Semiconductors & Semiconductor Equipment,Semiconductors & Semiconductor Equipment,Semiconductors
Amgen Inc,AMGN,Nasdaq,Health Care,"Pharmaceuticals, Biotechnology & Life Sciences",Biotechnology,Biotechnology
Aemetis Inc,AMTX,Nasdaq,Energy,Energy,"Oil, Gas & Consumable Fuels",Oil & Gas Refining & Marketing
Amazon.com Inc,AMZN,Nasdaq,Consumer Discretionary,Consumer Discretionary Distribution & Retail,Distributors,Broadline Retail
ArcBest Corp,ARCB,Nasdaq,Industrials,Transportation,Ground Transportation,Cargo Ground Transportation
Broadcom Inc,AVGO,Nasdaq,Information Technology,Semiconductors & Semiconductor Equipment,Semiconductors & Semiconductor Equipment,Semiconductors
Beacon Roofing Supply Inc,BECN,Nasdaq,Industrials,Capital Goods,Trading Companies & Distributors,Trading Companies & Distributors
Baidu Inc,BIDU,Nasdaq,Communication Services,Media & Entertainment,Interactive Media & Services,Interactive Media & Services
China Automotive Systems Inc,CAAS,Nasdaq,Consumer Discretionary,Automobiles & Components,Automobile Components,Automotive Parts & Equipment
Cheesecake Factory Inc,CAKE,Nasdaq,Consumer Discretionary,Consumer Services,"Hotels, Restaurants & Leisure",Restaurants
Casey's General Stores Inc,CASY,Nasdaq,Consumer Staples,Consumer Staples Distribution & Retail,Consumer Staples Distribution & Retail,Food Retail
China Natural Resources Inc,CHNR,Nasdaq,Materials,Materials,Metals & Mining,Diversified Metals & Mining
Chargepoint Holdings,CHPT,Nasdaq,Industrials,Capital Goods,Electrical Equipment,Electrical Components & Equipment
Comcast Corp,CMCSA,Nasdaq,Communication Services,Media & Entertainment,Media,Cable & Satellite
Costco Wholesale Corp,COST,Nasdaq,Consumer Staples,Consumer Staples Distribution & Retail,Consumer Staples Distribution & Retail,Consumer Staples Merchandise Retail
Catalyst Pharmaceuticals Inc,CPRX,Nasdaq,Health Care,"Pharmaceuticals, Biotechnology & Life Sciences",Biotechnology,Biotechnology
CISCO Systems Inc,CSCO,Nasdaq,Information Technology,Technology Hardware & Equipment,Communications Equipment,Communications Equipment
Cognizant Technology Solutions Corp,CTSH,Nasdaq,Information Technology,Software & Services,IT Services,IT Consulting & Other Services
Caesars Entertainment Inc,CZR,Nasdaq,Consumer Discretionary,Consumer Services,"Hotels, Restaurants & Leisure",Casinos & Gaming
Dropbox Inc,DBX,Nasdaq,Information Technology,Software & Services,Software,Application Software
Daily Journal Corp,DJCO,Nasdaq,Information Technology,Software & Services,Software,Application Software
Dollar Tree Inc,DLTR,Nasdaq,Consumer Staples,Consumer Staples Distribution & Retail,Consumer Staples Distribution & Retail,Consumer Staples Merchandise Retail
ETSY Inc,ETSY,Nasdaq,Consumer Discretionary,Consumer Discretionary Distribution & Retail,Distributors,Broadline Retail
National Beverage Corp,FIZZ,Nasdaq,Consumer Staples,"Food, Beverage & Tobacco",Beverages,Soft Drinks & Non-alcoholic Beverages
Fortinet Inc,FTNT,Nasdaq,Information Technology,Software & Services,Software,Systems Software
Glacier Bancorp Inc,GBCI,Nasdaq,Financials,Banks,Banks,Regional Banks
Great Elm Group Inc,GEG,Nasdaq,Financials,Financial Services,Capital Markets,Asset Management & Custody Banks
Gilead Sciences Inc,GILD,Nasdaq,Health Care,"Pharmaceuticals, Biotechnology & Life Sciences",Biotechnology,Biotechnology
Genmab A/S,GMAB,Nasdaq,Health Care,"Pharmaceuticals, Biotechnology & Life Sciences",Biotechnology,Biotechnology
Gogo Inc,GOGO,Nasdaq,Communication Services,Telecommunication Services,Wireless Telecommunication Services,Wireless Telecommunication Services
Alphabet Inc,GOOGL,Nasdaq,Communication Services,Media & Entertainment,Interactive Media & Services,Interactive Media & Services
Groupon Inc,GRPN,Nasdaq,Consumer Discretionary,Consumer Discretionary Distribution & Retail,Distributors,Broadline Retail
Hasbro Inc,HAS,Nasdaq,Consumer Discretionary,Consumer Durables & Apparel,Leisure Products,Leisure Products
Harvard Bioscience Inc,HBIO,Nasdaq,Health Care,"Pharmaceuticals, Biotechnology & Life Sciences",Life Sciences Tools & Services,Life Sciences Tools & Services
Heartland Express Inc,HTLD,Nasdaq,Industrials,Transportation,Ground Transportation,Cargo Ground Transportation
Illumina Inc,ILMN,Nasdaq,Health Care,"Pharmaceuticals, Biotechnology & Life Sciences",Life Sciences Tools & Services,Life Sciences Tools & Services
INTEL Corp,INTC,Nasdaq,Information Technology,Semiconductors & Semiconductor Equipment,Semiconductors & Semiconductor Equipment,Semiconductors
Innospec Inc,IOSP,Nasdaq,Materials,Materials,Chemicals,Specialty Chemicals
JetBlue Airways Corp,JBLU,Nasdaq,Industrials,Transportation,Passenger Airlines,Passenger Airlines
J&J Snack Foods Corp,JJSF,Nasdaq,Consumer Staples,"Food, Beverage & Tobacco",Food Products,Packaged Foods & Meats
Kaiser Aluminum Corp,KALU,Nasdaq,Materials,Materials,Metals & Mining,Aluminum
Keurig Dr Pepper Inc,KDP,Nasdaq,Consumer Staples,"Food, Beverage & Tobacco",Beverages,Soft Drinks & Non-alcoholic Beverages
Lands' End Inc,LE,Nasdaq,Consumer Discretionary,Consumer Discretionary Distribution & Retail,Specialty Retail,Apparel Retail
Liquidia Corporation,LQDA,Nasdaq,Health Care,"Pharmaceuticals, Biotechnology & Life Sciences",Pharmaceuticals,Pharmaceuticals
Lululemon Athletica Inc,LULU,Nasdaq,Consumer Discretionary,Consumer Durables & Apparel,"Textiles, Apparel & Luxury Goods","Apparel, Accessories & Luxury Goods"
Lyft Inc,LYFT,Nasdaq,Industrials,Transportation,Ground Transportation,Passenger Ground Transportation
Manhattan Associates Inc,MANH,Nasdaq,Information Technology,Software & Services,Software,Application Software
Marriott International Inc,MAR,Nasdaq,Consumer Discretionary,Consumer Services,"Hotels, Restaurants & Leisure","Hotels, Resorts & Cruise Lines"
Mattel Inc,MAT,Nasdaq,Consumer Discretionary,Consumer Durables & Apparel,Leisure Products,Leisure Products
META  ,META,Nasdaq,Communication Services,Media & Entertainment,Interactive Media & Services,Interactive Media & Services
Middelby Corp,MIDD,Nasdaq,Industrials,Capital Goods,Machinery,Industrial Machinery & Supplies & Components
Monster Beverage Corp,MNST,Nasdaq,Consumer Staples,"Food, Beverage & Tobacco",Beverages,Soft Drinks & Non-alcoholic Beverages
Middlesex Water Co,MSEX,Nasdaq,Utilities,Utilities,Water Utilities,Water Utilities
Microsoft Corp,MSFT,Nasdaq,Information Technology,Software & Services,Software,Systems Software
Match Group Inc,MTCH,Nasdaq,Communication Services,Media & Entertainment,Interactive Media & Services,Interactive Media & Services
Myriad Genetics Inc,MYGN,Nasdaq,Health Care,"Pharmaceuticals, Biotechnology & Life Sciences",Biotechnology,Biotechnology
The9 Ltd,NCTY,Nasdaq,Information Technology,Software & Services,Software,Application Software
NETFLIX Inc,NFLX,Nasdaq,Communication Services,Media & Entertainment,Entertainment,Movies & Entertainment
NetEase Inc,NTES,Nasdaq,Communication Services,Media & Entertainment,Entertainment,Interactive Home Entertainment
Northern Technologies International Corp,NTIC,Nasdaq,Materials,Materials,Chemicals,Specialty Chemicals
NVIDIA Corp,NVDA,Nasdaq,Information Technology,Semiconductors & Semiconductor Equipment,Semiconductors & Semiconductor Equipment,Semiconductors
NXP Semiconductors NV,NXPI,Nasdaq,Information Technology,Semiconductors & Semiconductor Equipment,Semiconductors & Semiconductor Equipment,Semiconductors
Old National Bancorp,ONB,Nasdaq,Financials,Banks,Banks,Regional Banks
O'Reilly Automotive Inc,ORLY,Nasdaq,Consumer Discretionary,Consumer Discretionary Distribution & Retail,Specialty Retail,Automotive Retail
Bank OZK,OZK,Nasdaq,Financials,Banks,Banks,Regional Banks
PACCAR Inc,PCAR,Nasdaq,Industrials,Capital Goods,Machinery,Construction Machinery & Heavy Transportation Equipment
PepsiCo Inc,PEP,Nasdaq,Consumer Staples,"Food, Beverage & Tobacco",Beverages,Soft Drinks & Non-alcoholic Beverages
Peloton Interactive Inc,PTON,Nasdaq,Consumer Discretionary,Consumer Durables & Apparel,Leisure Products,Leisure Products
PayPal Holdings Inc,PYPL,Nasdaq,Financials,Financial Services, Financial Services,Transaction & Payment Processing Services
Papa John's International Inc,PZZA,Nasdaq,Consumer Discretionary,Consumer Services,"Hotels, Restaurants & Leisure",Restaurants
QUALCOMM Inc,QCOM,Nasdaq,Information Technology,Semiconductors & Semiconductor Equipment,Semiconductors & Semiconductor Equipment,Semiconductors
Regeneron Pharmaceuticals Inc,REGN,Nasdaq,Health Care,"Pharmaceuticals, Biotechnology & Life Sciences",Biotechnology,Biotechnology
Royal Gold Inc,RGLD,Nasdaq,Materials,Materials,Metals & Mining,Gold
Gibraltar Industries Inc,ROCK,Nasdaq,Industrials,Capital Goods,Building Products,Building Products
Baijiayun Group Ltd,RTC,Nasdaq,Information Technology,Software & Services,Software,Application Software
Starbucks Corp,SBUX,Nasdaq,Consumer Discretionary,Consumer Services,"Hotels, Restaurants & Leisure",Restaurants
Solar Edge,SEDG,Nasdaq,Information Technology,Semiconductors & Semiconductor Equipment,Semiconductors & Semiconductor Equipment,Semiconductor Materials & Equipment
SEI Investments Co,SEIC,Nasdaq,Financials,Financial Services,Capital Markets,Asset Management & Custody Banks
Stitch Fix Inc,SFIX,Nasdaq,Consumer Discretionary,Consumer Discretionary Distribution & Retail,Specialty Retail,Apparel Retail
Sprouts Farmers Market Inc,SFM,Nasdaq,Consumer Staples,Consumer Staples Distribution & Retail,Consumer Staples Distribution & Retail,Food Retail
Sirius XM Holdings Inc,SIRI,Nasdaq,Communication Services,Media & Entertainment,Media,Cable & Satellite
SkyWest Inc,SKYW,Nasdaq,Industrials,Transportation,Passenger Airlines,Passenger Airlines
Sohu.com Ltd,SOHU,Nasdaq,Communication Services,Media & Entertainment,Entertainment,Interactive Home Entertainment
Smith & Wesson Brands Inc,SWBI,Nasdaq,Consumer Discretionary,Consumer Durables & Apparel,Leisure Products,Leisure Products
Price (T. ROWE) Group,TROW,Nasdaq,Financials,Financial Services,Capital Markets,Asset Management & Custody Banks
Tesla Inc,TSLA,Nasdaq,Consumer Discretionary,Automobiles & Components,Automobiles,Automobile Manufacturers
Texas Instruments Inc,TXN,Nasdaq,Information Technology,Semiconductors & Semiconductor Equipment,Semiconductors & Semiconductor Equipment,Semiconductors
Texas Roadhouse Inc,TXRH,Nasdaq,Consumer Discretionary,Consumer Services,"Hotels, Restaurants & Leisure",Restaurants
Ulta Beauty Inc,ULTA,Nasdaq,Consumer Discretionary,Consumer Discretionary Distribution & Retail,Specialty Retail,Other Specialty Retail
Urban Outfitters Inc,URBN,Nasdaq,Consumer Discretionary,Consumer Discretionary Distribution & Retail,Specialty Retail,Apparel Retail
United States Lime & Minderals Inc.,USLM,Nasdaq,Materials,Materials,Construction Materials,Construction Materials
UTStarcom Holdings Corp,UTSI,Nasdaq,Information Technology,Technology Hardware & Equipment,Communications Equipment,Communications Equipment
VEON Ltd,VEON,Nasdaq,Communication Services,Telecommunication Services,Wireless Telecommunication Services,Wireless Telecommunication Services
Vera Bradley Inc,VRA,Nasdaq,Consumer Discretionary,Consumer Durables & Apparel,"Textiles, Apparel & Luxury Goods","Apparel, Accessories & Luxury Goods"
Verisk Analytics Inc,VRSK,Nasdaq,Industrials,Commercial  & Professional Services,Professional Services,Research & Consulting Services
Walgreens Boots Alliance Inc,WBA,Nasdaq,Consumer Staples,Consumer Staples Distribution & Retail,Consumer Staples Distribution & Retail,Drug Retail
WD-40 Co,WDFC,Nasdaq,Consumer Staples,Household & Personal Products,Household Products,Household Products
The Wendy's Co,WEN,Nasdaq,Consumer Discretionary,Consumer Services,"Hotels, Restaurants & Leisure",Restaurants
The York Water Co,YORW,Nasdaq,Utilities,Utilities,Water Utilities,Water Utilities
AbbVie Inc,ABBV,"New York Stock Exchange, Inc.",Health Care,"Pharmaceuticals, Biotechnology & Life Sciences",Biotechnology,Biotechnology
Abbott Laboratories,ABT,"New York Stock Exchange, Inc.",Health Care,Health Care Equipment & Services,Health Care Equipment & Supplies,Health Care Equipment
American Eagle Outfitters Inc,AEO,"New York Stock Exchange, Inc.",Consumer Discretionary,Consumer Discretionary Distribution & Retail,Specialty Retail,Apparel Retail
Aflac Inc,AFL,"New York Stock Exchange, Inc.",Financials,Insurance,Insurance,Life & Health Insurance
Allstate Corp,ALL,"New York Stock Exchange, Inc.",Financials,Insurance,Insurance,Property & Casualty Insurance
AMC Entertainment Holdings,AMC,"New York Stock Exchange, Inc.",Communication Services,Media & Entertainment,Entertainment,Movies & Entertainment
AMN Healthcare Services Inc,AMN,"New York Stock Exchange, Inc.",Health Care,Health Care Equipment & Services,Health Care Providers & Services,Health Care Services
Arista Networks Inc,ANET,"New York Stock Exchange, Inc.",Information Technology,Technology Hardware & Equipment,Communications Equipment,Communications Equipment
Abercrombie & Fitch Co,ANF,"New York Stock Exchange, Inc.",Consumer Discretionary,Consumer Discretionary Distribution & Retail,Specialty Retail,Apparel Retail
Artisan Partners Asset Management Inc,APAM,"New York Stock Exchange, Inc.",Financials,Financial Services,Capital Markets,Asset Management & Custody Banks
Air Products & Chemicals Inc,APD,"New York Stock Exchange, Inc.",Materials,Materials,Chemicals,Industrial Gases
Aptiv PLC,APTV,"New York Stock Exchange, Inc.",Consumer Discretionary,Automobiles & Components,Automobile Components,Automotive Parts & Equipment
ASGN Inc,ASGN,"New York Stock Exchange, Inc.",Information Technology,Software & Services,IT Services,IT Consulting & Other Services
Ashland Global Holdings Inc,ASH,"New York Stock Exchange, Inc.",Materials,Materials,Chemicals,Specialty Chemicals
American Water Works Co Inc,AWK,"New York Stock Exchange, Inc.",Utilities,Utilities,Water Utilities,Water Utilities
American Express Co,AXP,"New York Stock Exchange, Inc.",Financials,Financial Services,Consumer Finance,Consumer Finance
Autozone Inc,AZO,"New York Stock Exchange, Inc.",Consumer Discretionary,Consumer Discretionary Distribution & Retail,Specialty Retail,Automotive Retail
Boeing Co,BA,"New York Stock Exchange, Inc.",Industrials,Capital Goods,Aerospace & Defense,Aerospace & Defense
Alibaba Group Holding Ltd,BABA,"New York Stock Exchange, Inc.",Consumer Discretionary,Consumer Discretionary Distribution & Retail,Distributors,Broadline Retail
Bank of America Corp,BAC,"New York Stock Exchange, Inc.",Financials,Banks,Banks,Diversified Banks
Brookfield Asset Management,BAM,"New York Stock Exchange, Inc.",Financials,Financial Services,Capital Markets,Asset Management & Custody Banks
Baxter International Inc,BAX,"New York Stock Exchange, Inc.",Health Care,Health Care Equipment & Services,Health Care Equipment & Supplies,Health Care Equipment
Build-A-Bear Workshop Inc,BBW,"New York Stock Exchange, Inc.",Consumer Discretionary,Consumer Discretionary Distribution & Retail,Specialty Retail,Other Specialty Retail
Best Buy Co Inc,BBY,"New York Stock Exchange, Inc.",Consumer Discretionary,Consumer Discretionary Distribution & Retail,Specialty Retail,Computer & Electronics Retail
Barclays PLC,BCS,"New York Stock Exchange, Inc.",Financials,Banks,Banks,Diversified Banks
Franklin Resources Inc,BEN,"New York Stock Exchange, Inc.",Financials,Financial Services,Capital Markets,Asset Management & Custody Banks
Bill.com Holdings Inc,BILL,"New York Stock Exchange, Inc.",Information Technology,Software & Services,Software,Application Software
Blackrock Inc,BLK,"New York Stock Exchange, Inc.",Financials,Financial Services,Capital Markets,Asset Management & Custody Banks
Bristol-Myers Squibb Co,BMY,"New York Stock Exchange, Inc.",Health Care,"Pharmaceuticals, Biotechnology & Life Sciences",Pharmaceuticals,Pharmaceuticals
Barnes & Noble Education Inc,BNED,"New York Stock Exchange, Inc.",Consumer Discretionary,Consumer Discretionary Distribution & Retail,Specialty Retail,Other Specialty Retail
BP PLC,BP,"New York Stock Exchange, Inc.",Energy,Energy,"Oil, Gas & Consumable Fuels",Integrated Oil & Gas
Anheuser-Bush InBev SA/NV,BUD,"New York Stock Exchange, Inc.",Consumer Staples,"Food, Beverage & Tobacco",Beverages,Brewers
Burlington Stores Inc,BURL,"New York Stock Exchange, Inc.",Consumer Discretionary,Consumer Discretionary Distribution & Retail,Specialty Retail,Apparel Retail
BorgWarner Inc,BWA,"New York Stock Exchange, Inc.",Consumer Discretionary,Automobiles & Components,Automobile Components,Automotive Parts & Equipment
Blackstone Inc,BX,"New York Stock Exchange, Inc.",Financials,Financial Services,Capital Markets,Asset Management & Custody Banks
Citigroup Inc,C,"New York Stock Exchange, Inc.",Financials,Banks,Banks,Diversified Banks
Caterpillar Inc,CAT,"New York Stock Exchange, Inc.",Industrials,Capital Goods,Machinery,Construction Machinery & Heavy Transportation Equipment
Cameco Corp,CCJ,"New York Stock Exchange, Inc.",Energy,Energy,"Oil, Gas & Consumable Fuels",Coal & Consumable Fuels
Colgate-Palmolive Co,CL,"New York Stock Exchange, Inc.",Consumer Staples,Household & Personal Products,Household Products,Household Products
Clearwater Paper Corp,CLW,"New York Stock Exchange, Inc.",Materials,Materials,Paper & Forest Products,Paper Products
Chipotle Mexican Grill Inc,CMG,"New York Stock Exchange, Inc.",Consumer Discretionary,Consumer Services,"Hotels, Restaurants & Leisure",Restaurants
Centene Corp,CNC,"New York Stock Exchange, Inc.",Health Care,Health Care Equipment & Services,Health Care Providers & Services,Managed Health Care
Canadian National Railway Co,CNI,"New York Stock Exchange, Inc.",Industrials,Transportation,Ground Transportation,Rail Transportation
Canadian Pacific Railway Ltd,CP,"New York Stock Exchange, Inc.",Industrials,Transportation,Ground Transportation,Rail Transportation
Campbell Soup Co,CPB,"New York Stock Exchange, Inc.",Consumer Staples,"Food, Beverage & Tobacco",Food Products,Packaged Foods & Meats
CRH PLC,CRH,"New York Stock Exchange, Inc.",Materials,Materials,Construction Materials,Construction Materials
Salesforce Inc,CRM,"New York Stock Exchange, Inc.",Information Technology,Software & Services,Software,Application Software
Corteva Inc,CTVA,"New York Stock Exchange, Inc.",Materials,Materials,Chemicals,Fertilizers & Agricultural Chemicals
CVS Health Corp,CVS,"New York Stock Exchange, Inc.",Health Care,Health Care Equipment & Services,Health Care Providers & Services,Health Care Services
Chevron Corp,CVX,"New York Stock Exchange, Inc.",Energy,Energy,"Oil, Gas & Consumable Fuels",Integrated Oil & Gas
China Yuchai International Ltd,CYD,"New York Stock Exchange, Inc.",Industrials,Capital Goods,Machinery,Construction Machinery & Heavy Transportation Equipment
Dominion Energy Inc,D,"New York Stock Exchange, Inc.",Utilities,Utilities,Multi-Utilities,Multi-Utilities
Delta Air Lines Inc,DAL,"New York Stock Exchange, Inc.",Industrials,Transportation,Passenger Airlines,Passenger Airlines
Deutsche Bank AG,DB,"New York Stock Exchange, Inc.",Financials,Financial Services,Capital Markets,Diversified Capital Markets
Deere & Co,DE,"New York Stock Exchange, Inc.",Industrials,Capital Goods,Machinery,Agricultural & Farm Machinery
Diageo PLC,DEO,"New York Stock Exchange, Inc.",Consumer Staples,"Food, Beverage & Tobacco",Beverages,Distillers & Vintners
Discover Financial Services,DFS,"New York Stock Exchange, Inc.",Financials,Financial Services,Consumer Finance,Consumer Finance
Dollar General Corp,DG,"New York Stock Exchange, Inc.",Consumer Staples,Consumer Staples Distribution & Retail,Consumer Staples Distribution & Retail,Consumer Staples Merchandise Retail
The Walt Disney Co,DIS,"New York Stock Exchange, Inc.",Communication Services,Media & Entertainment,Entertainment,Movies & Entertainment
Digital Realty Trust Inc,DLR,"New York Stock Exchange, Inc.",Real Estate,Equity Real Estate Investment Trusts (REITs),Specialized REITs,Data Center REITs
Physicians Realty Trust,DOC,"New York Stock Exchange, Inc.",Real Estate,Equity Real Estate Investment Trusts (REITs),Health Care REITs,Health Care REITs
Dow Chemical Company,DOW,"New York Stock Exchange, Inc.",Materials,Materials,Chemicals,Commodity Chemicals
DXC Technology Co,DXC,"New York Stock Exchange, Inc.",Information Technology,Software & Services,IT Services,IT Consulting & Other Services
Endeavor Group Holdings,EDR,"New York Stock Exchange, Inc.",Communication Services,Media & Entertainment,Entertainment,Movies & Entertainment
New Oriental Education & Technology Group Inc,EDU,"New York Stock Exchange, Inc.",Consumer Discretionary,Consumer Services,Diversified Consumer Services,Education Services
The Estee Lauder Companies Inc,EL,"New York Stock Exchange, Inc.",Consumer Staples,Household & Personal Products,Personal Care Products,Personal Care Products
Eastman Chemical Co,EMN,"New York Stock Exchange, Inc.",Materials,Materials,Chemicals,Specialty Chemicals
Enbridge Inc,ENB,"New York Stock Exchange, Inc.",Energy,Energy,"Oil, Gas & Consumable Fuels",Oil & Gas Storage & Transportation
Energy Transfer LP,ET,"New York Stock Exchange, Inc.",Energy,Energy,"Oil, Gas & Consumable Fuels",Oil & Gas Storage & Transportation
Extra Space Storage Inc,EXR,"New York Stock Exchange, Inc.",Real Estate,Equity Real Estate Investment Trusts (REITs),Specialized REITs,Self-Storage REITs
Ford Motor Co,F,"New York Stock Exchange, Inc.",Consumer Discretionary,Automobiles & Components,Automobiles,Automobile Manufacturers
FTI Consulting Inc,FCN,"New York Stock Exchange, Inc.",Industrials,Commercial  & Professional Services,Professional Services,Research & Consulting Services
Freeport-McMoRan Inc,FCX,"New York Stock Exchange, Inc.",Materials,Materials,Metals & Mining,Copper
FirstEnergy Corp,FE,"New York Stock Exchange, Inc.",Utilities,Utilities,Electric Utilities,Electric Utilities
Fair Isaac Corp,FICO,"New York Stock Exchange, Inc.",Information Technology,Software & Services,Software,Application Software
Foot Locker Inc,FL,"New York Stock Exchange, Inc.",Consumer Discretionary,Consumer Discretionary Distribution & Retail,Specialty Retail,Apparel Retail
FMC Corp,FMC,"New York Stock Exchange, Inc.",Materials,Materials,Chemicals,Fertilizers & Agricultural Chemicals
Fortis Inc,FTS,"New York Stock Exchange, Inc.",Utilities,Utilities,Electric Utilities,Electric Utilities
General Dynamics Corp,GD,"New York Stock Exchange, Inc.",Industrials,Capital Goods,Aerospace & Defense,Aerospace & Defense
General Electric Co,GE,"New York Stock Exchange, Inc.",Industrials,Capital Goods,Aerospace & Defense,Aerospace & Defense
The GEO Group Inc,GEO,"New York Stock Exchange, Inc.",Industrials,Commercial  & Professional Services,Commercial Services & Supplies,Security & Alarm Services
General Mills Inc,GIS,"New York Stock Exchange, Inc.",Consumer Staples,"Food, Beverage & Tobacco",Food Products,Packaged Foods & Meats
General Motors Co,GM,"New York Stock Exchange, Inc.",Consumer Discretionary,Automobiles & Components,Automobiles,Automobile Manufacturers
Globus Medical Inc,GMED,"New York Stock Exchange, Inc.",Health Care,Health Care Equipment & Services,Health Care Equipment & Supplies,Health Care Equipment
Garmin Ltd,GRMN,"New York Stock Exchange, Inc.",Consumer Discretionary,Consumer Durables & Apparel,Household Durables,Consumer Electronics
Goldman Sachs Group Inc,GS,"New York Stock Exchange, Inc.",Financials,Financial Services,Capital Markets,Investment Banking & Brokerage
GlaxoSmithKline PLC,GSK,"New York Stock Exchange, Inc.",Health Care,"Pharmaceuticals, Biotechnology & Life Sciences",Pharmaceuticals,Pharmaceuticals
Hyatt Hotels Corp,H,"New York Stock Exchange, Inc.",Consumer Discretionary,Consumer Services,"Hotels, Restaurants & Leisure","Hotels, Resorts & Cruise Lines"
Home Depot Inc,HD,"New York Stock Exchange, Inc.",Consumer Discretionary,Consumer Discretionary Distribution & Retail,Specialty Retail,Home Improvement Retail
Hess Corp,HES,"New York Stock Exchange, Inc.",Energy,Energy,"Oil, Gas & Consumable Fuels",Oil & Gas Exploration & Production
Honda Motor Co Ltd,HMC,"New York Stock Exchange, Inc.",Consumer Discretionary,Automobiles & Components,Automobiles,Automobile Manufacturers
Harley-Davidson Inc,HOG,"New York Stock Exchange, Inc.",Consumer Discretionary,Automobiles & Components,Automobiles,Motorcycle Manufacturers
H&R Block Inc,HRB,"New York Stock Exchange, Inc.",Consumer Discretionary,Consumer Services,Diversified Consumer Services,Specialized Consumer Services
The Hershey Co,HSY,"New York Stock Exchange, Inc.",Consumer Staples,"Food, Beverage & Tobacco",Food Products,Packaged Foods & Meats
Intercontinental Exchange Inc,ICE,"New York Stock Exchange, Inc.",Financials,Financial Services,Capital Markets,Financial Exchanges & Data
Imax Corp,IMAX,"New York Stock Exchange, Inc.",Communication Services,Media & Entertainment,Entertainment,Movies & Entertainment
IQVIA Holdings Inc,IQV,"New York Stock Exchange, Inc.",Health Care,"Pharmaceuticals, Biotechnology & Life Sciences",Life Sciences Tools & Services,Life Sciences Tools & Services
Iron Mountain Inc,IRM,"New York Stock Exchange, Inc.",Real Estate,Equity Real Estate Investment Trusts (REITs),Specialized REITs,Other Specialized REITs
Johnson & Johnson,JNJ,"New York Stock Exchange, Inc.",Health Care,"Pharmaceuticals, Biotechnology & Life Sciences",Pharmaceuticals,Pharmaceuticals
JPMorgan Chase & Co,JPM,"New York Stock Exchange, Inc.",Financials,Banks,Banks,Diversified Banks
Kellogg Co,K,"New York Stock Exchange, Inc.",Consumer Staples,"Food, Beverage & Tobacco",Food Products,Packaged Foods & Meats
KeyCorp,KEY,"New York Stock Exchange, Inc.",Financials,Banks,Banks,Diversified Banks
KKR & Co Inc,KKR,"New York Stock Exchange, Inc.",Financials,Financial Services,Capital Markets,Asset Management & Custody Banks
Kinder Morgan Inc,KMI,"New York Stock Exchange, Inc.",Energy,Energy,"Oil, Gas & Consumable Fuels",Oil & Gas Storage & Transportation
CarMax Inc,KMX,"New York Stock Exchange, Inc.",Consumer Discretionary,Consumer Discretionary Distribution & Retail,Specialty Retail,Automotive Retail
Coca-Cola Co,KO,"New York Stock Exchange, Inc.",Consumer Staples,"Food, Beverage & Tobacco",Beverages,Soft Drinks & Non-alcoholic Beverages
Quaker Chemical Corp,KWR,"New York Stock Exchange, Inc.",Materials,Materials,Chemicals,Specialty Chemicals
Loews Corp,L,"New York Stock Exchange, Inc.",Financials,Insurance,Insurance,Property & Casualty Insurance
Lithium Americas,LAC,"New York Stock Exchange, Inc.",Materials,Materials,Metals & Mining,Diversified Metals & Mining
Lazard Ltd,LAZ,"New York Stock Exchange, Inc.",Financials,Financial Services,Capital Markets,Investment Banking & Brokerage
LCI Industries Inc,LCII,"New York Stock Exchange, Inc.",Consumer Discretionary,Automobiles & Components,Automobile Components,Automotive Parts & Equipment
Lockheed Martin Corp,LMT,"New York Stock Exchange, Inc.",Industrials,Capital Goods,Aerospace & Defense,Aerospace & Defense
Lowe's Companies Inc,LOW,"New York Stock Exchange, Inc.",Consumer Discretionary,Consumer Discretionary Distribution & Retail,Specialty Retail,Home Improvement Retail
Southwest Airlines Co,LUV,"New York Stock Exchange, Inc.",Industrials,Transportation,Passenger Airlines,Passenger Airlines
Las Vegas Sands Corp,LVS,"New York Stock Exchange, Inc.",Consumer Discretionary,Consumer Services,"Hotels, Restaurants & Leisure",Casinos & Gaming
Macy's Inc,M,"New York Stock Exchange, Inc.",Consumer Discretionary,Consumer Discretionary Distribution & Retail,Distributors,Broadline Retail
Mastercard Inc,MA,"New York Stock Exchange, Inc.",Financials,Financial Services, Financial Services,Transaction & Payment Processing Services
McDonald's Corp,MCD,"New York Stock Exchange, Inc.",Consumer Discretionary,Consumer Services,"Hotels, Restaurants & Leisure",Restaurants
McKesson Corp,MCK,"New York Stock Exchange, Inc.",Health Care,Health Care Equipment & Services,Health Care Providers & Services,Health Care Distributors
Moody's Corporation,MCO,"New York Stock Exchange, Inc.",Financials,Financial Services,Capital Markets,Financial Exchanges & Data
MetLife Inc,MET,"New York Stock Exchange, Inc.",Financials,Insurance,Insurance,Life & Health Insurance
McCormick & Co Inc,MKC,"New York Stock Exchange, Inc.",Consumer Staples,"Food, Beverage & Tobacco",Food Products,Packaged Foods & Meats
Movado Group Inc,MOV,"New York Stock Exchange, Inc.",Consumer Discretionary,Consumer Durables & Apparel,"Textiles, Apparel & Luxury Goods","Apparel, Accessories & Luxury Goods"
Merck & Co Inc,MRK,"New York Stock Exchange, Inc.",Health Care,"Pharmaceuticals, Biotechnology & Life Sciences",Pharmaceuticals,Pharmaceuticals
Morgan Stanley,MS,"New York Stock Exchange, Inc.",Financials,Financial Services,Capital Markets,Investment Banking & Brokerage
M&T Bank Corp,MTB,"New York Stock Exchange, Inc.",Financials,Banks,Banks,Regional Banks
Norwegian Cruise Line Holdings Ltd,NCLH,"New York Stock Exchange, Inc.",Consumer Discretionary,Consumer Services,"Hotels, Restaurants & Leisure","Hotels, Resorts & Cruise Lines"
National Fuel Gas Co,NFG,"New York Stock Exchange, Inc.",Utilities,Utilities,Gas Utilities,Gas Utilities
Natural Gas Services Group Inc,NGS,"New York Stock Exchange, Inc.",Energy,Energy,Energy Equipment & Services,Oil & Gas Equipment & Services
Nike Inc,NKE,"New York Stock Exchange, Inc.",Consumer Discretionary,Consumer Durables & Apparel,"Textiles, Apparel & Luxury Goods",Footwear
Northrop Grumman Corp,NOC,"New York Stock Exchange, Inc.",Industrials,Capital Goods,Aerospace & Defense,Aerospace & Defense
NOV Inc,NOV,"New York Stock Exchange, Inc.",Energy,Energy,Energy Equipment & Services,Oil & Gas Equipment & Services
Nutrien Ltd,NTR,"New York Stock Exchange, Inc.",Materials,Materials,Chemicals,Fertilizers & Agricultural Chemicals
Novo Nordisk,NVO,"New York Stock Exchange, Inc.",Health Care,"Pharmaceuticals, Biotechnology & Life Sciences",Pharmaceuticals,Pharmaceuticals
Novartis AG,NVS,"New York Stock Exchange, Inc.",Health Care,"Pharmaceuticals, Biotechnology & Life Sciences",Pharmaceuticals,Pharmaceuticals
ONEOK Inc,OKE,"New York Stock Exchange, Inc.",Energy,Energy,"Oil, Gas & Consumable Fuels",Oil & Gas Storage & Transportation
Oppenheimer Holdings Inc,OPY,"New York Stock Exchange, Inc.",Financials,Financial Services,Capital Markets,Investment Banking & Brokerage
Oracle Corp,ORCL,"New York Stock Exchange, Inc.",Information Technology,Software & Services,Software,Systems Software
Prestige Consumer Healthcare Inc,PBH,"New York Stock Exchange, Inc.",Health Care,"Pharmaceuticals, Biotechnology & Life Sciences",Pharmaceuticals,Pharmaceuticals
PG&E Corp,PCG,"New York Stock Exchange, Inc.",Utilities,Utilities,Electric Utilities,Electric Utilities
Pfizer Inc,PFE,"New York Stock Exchange, Inc.",Health Care,"Pharmaceuticals, Biotechnology & Life Sciences",Pharmaceuticals,Pharmaceuticals
Procter & Gamble Co,PG,"New York Stock Exchange, Inc.",Consumer Staples,Household & Personal Products,Household Products,Household Products
POSCO,PKX,"New York Stock Exchange, Inc.",Materials,Materials,Metals & Mining,Steel
Planet Fitness Inc,PLNT,"New York Stock Exchange, Inc.",Consumer Discretionary,Consumer Services,"Hotels, Restaurants & Leisure",Leisure Facilities
Douglas Dynamics Inc,PLOW,"New York Stock Exchange, Inc.",Industrials,Capital Goods,Machinery,Construction Machinery & Heavy Transportation Equipment
PNC Financial Services Group Inc,PNC,"New York Stock Exchange, Inc.",Financials,Banks,Banks,Diversified Banks
Prudential Financial Inc,PRU,"New York Stock Exchange, Inc.",Financials,Insurance,Insurance,Life & Health Insurance
Public Storage,PSA,"New York Stock Exchange, Inc.",Real Estate,Equity Real Estate Investment Trusts (REITs),Specialized REITs,Self-Storage REITs
Phillips 66,PSX,"New York Stock Exchange, Inc.",Energy,Energy,"Oil, Gas & Consumable Fuels",Oil & Gas Refining & Marketing
Ritchie Bros Auctioneers Inc,RBA,"New York Stock Exchange, Inc.",Industrials,Commercial  & Professional Services,Commercial Services & Supplies,Diversified Support Services
Rogers Communications-CL B,RCI,"New York Stock Exchange, Inc.",Communication Services,Telecommunication Services,Wireless Telecommunication Services,Wireless Telecommunication Services
Regions Financial Corp,RF,"New York Stock Exchange, Inc.",Financials,Banks,Banks,Regional Banks
Raytheon Technologies Corp,RTX,"New York Stock Exchange, Inc.",Industrials,Capital Goods,Aerospace & Defense,Aerospace & Defense
SAP SE,SAP,"New York Stock Exchange, Inc.",Information Technology,Software & Services,Software,Application Software
Spirit Airlines Inc,SAVE,"New York Stock Exchange, Inc.",Industrials,Transportation,Passenger Airlines,Passenger Airlines
Charles Schwab,SCHW,"New York Stock Exchange, Inc.",Financials,Financial Services,Capital Markets,Investment Banking & Brokerage
SJW Group,SJW,"New York Stock Exchange, Inc.",Utilities,Utilities,Water Utilities,Water Utilities
Snap-on Inc,SNA,"New York Stock Exchange, Inc.",Industrials,Capital Goods,Machinery,Industrial Machinery & Supplies & Components
Snowflake Inc,SNOW,"New York Stock Exchange, Inc.",Information Technology,Software & Services,IT Services,Internet Services & Infrastructure
Southern Co,SO,"New York Stock Exchange, Inc.",Utilities,Utilities,Electric Utilities,Electric Utilities
SONY Group Corporation,SONY,"New York Stock Exchange, Inc.",Consumer Discretionary,Consumer Durables & Apparel,Household Durables,Consumer Electronics
Spotify Technology SA,SPOT,"New York Stock Exchange, Inc.",Communication Services,Media & Entertainment,Entertainment,Movies & Entertainment
Sempra Energy,SRE,"New York Stock Exchange, Inc.",Utilities,Utilities,Multi-Utilities,Multi-Utilities
Sunoco LP,SUN,"New York Stock Exchange, Inc.",Energy,Energy,"Oil, Gas & Consumable Fuels",Oil & Gas Refining & Marketing
Sysco Corp,SYY,"New York Stock Exchange, Inc.",Consumer Staples,Consumer Staples Distribution & Retail,Consumer Staples Distribution & Retail,Food Distributors
AT&T Inc,T,"New York Stock Exchange, Inc.",Communication Services,Telecommunication Services,Diversified Telecommunication Services,Integrated Telecommunication Services
TAL Education Group,TAL,"New York Stock Exchange, Inc.",Consumer Discretionary,Consumer Services,Diversified Consumer Services,Education Services
Molson Coors Beverage Co,TAP,"New York Stock Exchange, Inc.",Consumer Staples,"Food, Beverage & Tobacco",Beverages,Brewers
The Container Store Group Inc,TCS,"New York Stock Exchange, Inc.",Consumer Discretionary,Consumer Discretionary Distribution & Retail,Specialty Retail,Other Specialty Retail
Teva Pharmaceutical Industries Ltd,TEVA,"New York Stock Exchange, Inc.",Health Care,"Pharmaceuticals, Biotechnology & Life Sciences",Pharmaceuticals,Pharmaceuticals
Target Corp,TGT,"New York Stock Exchange, Inc.",Consumer Staples,Consumer Staples Distribution & Retail,Consumer Staples Distribution & Retail,Consumer Staples Merchandise Retail
Treehouse Foods Inc,THS,"New York Stock Exchange, Inc.",Consumer Staples,"Food, Beverage & Tobacco",Food Products,Packaged Foods & Meats
TJX Companies Inc,TJX,"New York Stock Exchange, Inc.",Consumer Discretionary,Consumer Discretionary Distribution & Retail,Specialty Retail,Apparel Retail
Toyota Motor Corp,TM,"New York Stock Exchange, Inc.",Consumer Discretionary,Automobiles & Components,Automobiles,Automobile Manufacturers
Tootsie Roll Industries Inc,TR,"New York Stock Exchange, Inc.",Consumer Staples,"Food, Beverage & Tobacco",Food Products,Packaged Foods & Meats
TREX Co Inc,TREX,"New York Stock Exchange, Inc.",Industrials,Capital Goods,Building Products,Building Products
TC Energy Corp,TRP,"New York Stock Exchange, Inc.",Energy,Energy,"Oil, Gas & Consumable Fuels",Oil & Gas Storage & Transportation
Taiwan Semiconductor Manufacturing Co ,TSM,"New York Stock Exchange, Inc.",Information Technology,Semiconductors & Semiconductor Equipment,Semiconductors & Semiconductor Equipment,Semiconductors
Tyson Foods Inc,TSN,"New York Stock Exchange, Inc.",Consumer Staples,"Food, Beverage & Tobacco",Food Products,Packaged Foods & Meats
TELUS Corp,TU,"New York Stock Exchange, Inc.",Communication Services,Telecommunication Services,Diversified Telecommunication Services,Integrated Telecommunication Services
Titan International Inc,TWI,"New York Stock Exchange, Inc.",Industrials,Capital Goods,Machinery,Agricultural & Farm Machinery
Textron Systems,TXT,"New York Stock Exchange, Inc.",Industrials,Capital Goods,Aerospace & Defense,Aerospace & Defense
Under Armour Inc,UA,"New York Stock Exchange, Inc.",Consumer Discretionary,Consumer Durables & Apparel,"Textiles, Apparel & Luxury Goods","Apparel, Accessories & Luxury Goods"
Uber Technologies Inc,UBER,"New York Stock Exchange, Inc.",Industrials,Transportation,Ground Transportation,Passenger Ground Transportation
UBS Group AG,UBS,"New York Stock Exchange, Inc.",Financials,Financial Services,Capital Markets,Diversified Capital Markets
UGI Corp,UGI,"New York Stock Exchange, Inc.",Utilities,Utilities,Gas Utilities,Gas Utilities
Unilever PLC,UL,"New York Stock Exchange, Inc.",Consumer Staples,Household & Personal Products,Personal Care Products,Personal Care Products
United Natural Foods Inc,UNFI,"New York Stock Exchange, Inc.",Consumer Staples,Consumer Staples Distribution & Retail,Consumer Staples Distribution & Retail,Food Distributors
UnitedHealth Group Inc,UNH,"New York Stock Exchange, Inc.",Health Care,Health Care Equipment & Services,Health Care Providers & Services,Managed Health Care
United Parcel Service,UPS,"New York Stock Exchange, Inc.",Industrials,Transportation,Air Freight & Logistics,Air Freight & Logistics
Visa Inc,V,"New York Stock Exchange, Inc.",Financials,Financial Services, Financial Services,Transaction & Payment Processing Services
Veeva Systems Inc,VEEV,"New York Stock Exchange, Inc.",Health Care,Health Care Equipment & Services,Health Care Technology,Health Care Technology
VF Corp,VFC,"New York Stock Exchange, Inc.",Consumer Discretionary,Consumer Durables & Apparel,"Textiles, Apparel & Luxury Goods","Apparel, Accessories & Luxury Goods"
Verizon Communications Inc,VZ,"New York Stock Exchange, Inc.",Communication Services,Telecommunication Services,Diversified Telecommunication Services,Integrated Telecommunication Services
Wells Fargo & Co,WFC,"New York Stock Exchange, Inc.",Financials,Banks,Banks,Diversified Banks
Wyndham Hotels & Resorts Inc,WH,"New York Stock Exchange, Inc.",Consumer Discretionary,Consumer Services,"Hotels, Restaurants & Leisure","Hotels, Resorts & Cruise Lines"
Cactus Inc.,WHD,"New York Stock Exchange, Inc.",Energy,Energy,Energy Equipment & Services,Oil & Gas Equipment & Services
Walmart Inc,WMT,"New York Stock Exchange, Inc.",Consumer Staples,Consumer Staples Distribution & Retail,Consumer Staples Distribution & Retail,Consumer Staples Merchandise Retail
Wabash National Corp,WNC,"New York Stock Exchange, Inc.",Industrials,Capital Goods,Machinery,Construction Machinery & Heavy Transportation Equipment
Williams-Sonoma Inc,WSM,"New York Stock Exchange, Inc.",Consumer Discretionary,Consumer Discretionary Distribution & Retail,Specialty Retail,Homefurnishing Retail
United States Steel Corp,X,"New York Stock Exchange, Inc.",Materials,Materials,Metals & Mining,Steel
Exxon Mobil Corp,XOM,"New York Stock Exchange, Inc.",Energy,Energy,"Oil, Gas & Consumable Fuels",Integrated Oil & Gas
Xerox Holdings Corp,XRX,"New York Stock Exchange, Inc.",Information Technology,Technology Hardware & Equipment,"Technology Hardware, Storage & Peripherals","Technology Hardware, Storage & Peripherals"
Yum Brands Inc,YUM,"New York Stock Exchange, Inc.",Consumer Discretionary,Consumer Services,"Hotels, Restaurants & Leisure",Restaurants
ZTO Express (Cayman) Inc,ZTO,"New York Stock Exchange, Inc.",Industrials,Transportation,Air Freight & Logistics,Air Freight & Logistics
China World Trade Center Co Ltd,600007,Shanghai Stock Exchange,Real Estate,Real Estate Management & Development,Real Estate Management & Development,Real Estate Operating Companies
Shanghai International Airport Co Ltd,600009,Shanghai Stock Exchange,Industrials,Transportation,Transportation Infrastructure,Airport Services
Jiangsu Hengrui Pharmaceuticals Co Ltd,600276,Shanghai Stock Exchange,Health Care,"Pharmaceuticals, Biotechnology & Life Sciences",Pharmaceuticals,Pharmaceuticals
Kweichow Moutai Co Ltd,600519,Shanghai Stock Exchange,Consumer Staples,"Food, Beverage & Tobacco",Beverages,Distillers & Vintners
China Yangtze Power Co Ltd,600900,Shanghai Stock Exchange,Utilities,Utilities,Independent Power and Renewable Electricity Producers,Renewable Electricity 
China Tourism Group Duty Free Corp Ltd,601888,Shanghai Stock Exchange,Consumer Discretionary,Consumer Discretionary Distribution & Retail,Specialty Retail,Other Specialty Retail
Foxconn Industrial Internet Co Ltd,601138,Shanghai Stock Exchange,Information Technology,Technology Hardware & Equipment,"Electronic Equipment, Instruments & Components",Electronic Manufacturing Services
China Vanke Co Ltd,000002,Shenzhen Stock Exchange,Real Estate,Real Estate Management & Development,Real Estate Management & Development,Real Estate Development
Midea Group Co Ltd,000333,Shenzhen Stock Exchange,Consumer Discretionary,Consumer Durables & Apparel,Household Durables,Household Appliances
Bank Of Ningbo Co Ltd,002142,Shenzhen Stock Exchange,Financials,Banks,Banks,Regional Banks
Hangzhou Hik-Vision Digital Technology Co Ltd,002415,Shenzhen Stock Exchange,Information Technology,Technology Hardware & Equipment,"Electronic Equipment, Instruments & Components",Electronic Equipment & Instruments 
Shenzhen Mindray Bio-Medical Electronics Co Ltd,300760,Shenzhen Stock Exchange,Health Care,Health Care Equipment & Services,Health Care Equipment & Supplies,Health Care Equipment
Wuliangye Yibin Co Ltd,000858,Shenzhen Stock Exchange,Consumer Staples,"Food, Beverage & Tobacco",Beverages,Distillers & Vintners
Nestle SA,NESN,SIX Swiss Exchange,Consumer Staples,"Food, Beverage & Tobacco",Food Products,Packaged Foods & Meats
Roche Holding AG,ROG,SIX Swiss Exchange,Health Care,"Pharmaceuticals, Biotechnology & Life Sciences",Pharmaceuticals,Pharmaceuticals
Air Canada,AC,Toronto Stock Exchange,Financials,Financial Services,Capital Markets,Asset Management & Custody Banks
Aurora Cannabis Inc,ACB,Toronto Stock Exchange,Health Care,"Pharmaceuticals, Biotechnology & Life Sciences",Pharmaceuticals,Pharmaceuticals
Agnico Eagle Mines,AEM,Toronto Stock Exchange,Materials,Materials,Metals & Mining,Gold
Bombardier Inc,BBD.B,Toronto Stock Exchange,Industrials,Capital Goods,Aerospace & Defense,Aerospace & Defense
BCE Inc,BCE,Toronto Stock Exchange,Communication Services,Telecommunication Services,Diversified Telecommunication Services,Integrated Telecommunication Services
Bank of Nova Scotia,BNS,Toronto Stock Exchange,Financials,Banks,Banks,Diversified Banks
Boyd Group Services Inc,BYD,Toronto Stock Exchange,Consumer Discretionary,Consumer Services,"Hotels, Restaurants & Leisure",Casinos & Gaming
Canadian Natural Resources Ltd,CNQ,Toronto Stock Exchange,Energy,Energy,"Oil, Gas & Consumable Fuels",Oil & Gas Exploration & Production
Canada Goose Holdings Inc,GOOS,Toronto Stock Exchange,Consumer Discretionary,Consumer Durables & Apparel,"Textiles, Apparel & Luxury Goods","Apparel, Accessories & Luxury Goods"
Open Text Corp,OTEX,Toronto Stock Exchange,Information Technology,Software & Services,Software,Application Software
Restaurant Brands International Inc,QSR,Toronto Stock Exchange,Consumer Discretionary,Consumer Services,"Hotels, Restaurants & Leisure",Restaurants
Royal Bank of Canada,RY,Toronto Stock Exchange,Financials,Banks,Banks,Diversified Banks
Shopify Inc,SHOP,Toronto Stock Exchange,Information Technology,Software & Services,IT Services,Internet Services & Infrastructure
Suncor Energy Inc,SU,Toronto Stock Exchange,Energy,Energy,"Oil, Gas & Consumable Fuels",Integrated Oil & Gas
Alimentation Couche-Tard Inc,ATD,Toronto Stock Exchange,Consumer Staples,Consumer Staples Distribution & Retail,Consumer Staples Distribution & Retail,Food Retail
Constellation Software Inc,CSU,Toronto Stock Exchange,Information Technology,Software & Services,Software,Application Software